,rotate_angle,box_detect_confidence_top_cam,box_detect_confidence_side_cam,arrow_position_encode,arrow_direction_encode,angle_type_encode,parameter
0,412.0,423.0,419.0,279.0,279.0,262.0,count
1,50.536407766990294,97.44037825059101,99.16479713603817,1.974910394265233,1.6129032258064515,3.1564885496183206,mean
2,10.13251059738261,6.6039890536378465,0.3017130427793364,0.15667834391747218,0.5303505979897806,0.3640132279692397,std
3,44.0,50.63,98.1,1.0,1.0,3.0,min
4,49.0,98.28,99.05,2.0,1.0,3.0,25%
5,49.0,98.58,99.24,2.0,2.0,3.0,50%
6,50.0,98.8,99.38,2.0,2.0,3.0,75%
7,135.0,99.32,99.64,2.0,4.0,4.0,max
8,,,,1.0,1.0,1.0,pricission
9,,,,0.9876543209876543,0.4074074074074074,0.8209876543209876,recall
10,13.67005378081485,1.515927984543127,0.9148848001419987,,,,rmse
11,186.87037037037038,2.2980376543209875,0.8370141975308648,,,,mse
12,8.917783031258208,1.4664814814814817,0.8569753086419756,,,,mape_
13,,,,0.9876543209876543,0.4074074074074074,0.8209876543209876,accuracy
