,rotate_angle,box_detect_confidence_top_cam,box_detect_confidence_side_cam,arrow_position_encode,arrow_direction_encode,angle_type_encode,parameter
0,519.0,519.0,517.0,517.0,517.0,518.0,count
1,80.89788053949904,99.96520231213874,72.07787234042553,2.0,1.001934235976789,3.9382239382239383,mean
2,3.1737301502778585,0.006080819459586209,6.773153436900384,0.0,0.04397994971335424,0.3783890469316537,std
3,77.0,99.94,51.19,2.0,1.0,1.0,min
4,80.0,99.96,68.11,2.0,1.0,4.0,25%
5,80.0,99.97,72.54,2.0,1.0,4.0,50%
6,81.0,99.97,76.66,2.0,1.0,4.0,75%
7,118.0,99.97,88.28,2.0,2.0,4.0,max
8,,,,1.0,1.0,1.0,pricission
9,,,,1.0,0.998062015503876,0.9728682170542635,recall
10,3.81093896749259,0.03535259822913467,28.732889218945893,,,,rmse
11,14.523255813953488,0.0012498062015506156,825.5789228682172,,,,mse
12,3.49304193518259,0.03482558139535186,27.923178294573642,,,,mape_
13,,,,1.0,0.998062015503876,0.9728682170542635,accuracy
