,rotate_angle,box_detect_confidence_top_cam,box_detect_confidence_side_cam,arrow_position_encode,arrow_direction_encode,angle_type_encode,parameter
0,331.0,338.0,331.0,297.0,297.0,292.0,count
1,87.99697885196375,98.01573964497041,70.49078549848943,1.2895622895622896,3.2962962962962963,2.4726027397260273,mean
2,20.323668615594997,5.927724045475955,6.9376925243873835,0.45432472573144905,1.1359094551460913,0.989256414693929,std
3,34.0,51.5,50.52,1.0,1.0,1.0,min
4,83.0,99.28,65.62,1.0,2.0,2.0,25%
5,91.0,99.37,70.87,1.0,4.0,2.0,50%
6,96.0,99.45,75.06,2.0,4.0,4.0,75%
7,147.0,99.63,85.62,2.0,4.0,4.0,max
8,,,,1.0,1.0,1.0,pricission
9,,,,0.6336633663366337,0.6336633663366337,0.528052805280528,recall
10,16.566597273264097,2.797946677576443,32.204746221759315,,,,rmse
11,274.45214521452147,7.828505610561057,1037.1456792079207,,,,mse
12,13.164275611234592,1.4793399339933995,31.16151815181518,,,,mape_
13,,,,0.6336633663366337,0.6336633663366337,0.528052805280528,accuracy
