,rotate_angle,box_detect_confidence_top_cam,box_detect_confidence_side_cam,arrow_position_encode,arrow_direction_encode,angle_type_encode,parameter
0,260.0,274.0,265.0,180.0,180.0,253.0,count
1,88.28846153846153,98.91259124087591,78.56150943396226,1.1111111111111112,3.7444444444444445,2.33596837944664,mean
2,9.29677267550316,0.22390850612948118,6.174184216824266,0.31514630616471034,0.7408452233368522,0.7570900004870246,std
3,57.0,98.31,50.32,1.0,1.0,1.0,min
4,87.0,98.77,75.08,1.0,4.0,2.0,25%
5,90.0,98.905,79.28,1.0,4.0,2.0,50%
6,93.0,99.0475,82.78,1.0,4.0,2.0,75%
7,104.0,99.63,91.33,2.0,4.0,4.0,max
8,,,,1.0,1.0,1.0,pricission
9,,,,0.8819875776397516,0.8819875776397516,0.8819875776397516,recall
10,12.459873482703143,1.1170496855556602,21.596239450077718,,,,rmse
11,155.24844720496895,1.2477999999999994,466.3975583850932,,,,mse
12,11.186213615881137,1.1014906832298132,21.005527950310558,,,,mape_
13,,,,0.8819875776397516,0.8819875776397516,0.8819875776397516,accuracy
