,rotate_angle,box_detect_confidence_top_cam,box_detect_confidence_side_cam,arrow_position_encode,arrow_direction_encode,angle_type_encode,parameter
0,252.0,252.0,0.0,0.0,0.0,252.0,count
1,66.99603174603175,96.61345238095238,,,,4.0,mean
2,3.05396093906174,1.0843546861487683,,,,0.0,std
3,61.0,90.93,,,,4.0,min
4,65.0,96.03,,,,4.0,25%
5,66.0,96.795,,,,4.0,50%
6,68.0,97.41,,,,4.0,75%
7,80.0,98.45,,,,4.0,max
8,,,,,,1.0,pricission
9,,,,0.0,0.0,0.11180124223602485,recall
10,18.327930692750364,1.1170496855556602,21.596239450077718,,,,rmse
11,335.9130434782609,1.2477999999999994,466.3975583850932,,,,mse
12,24.232110950395644,1.1014906832298132,21.005527950310558,,,,mape_
13,,,,0.0,0.0,0.11180124223602485,accuracy
