,rotate_angle,box_detect_confidence_top_cam,box_detect_confidence_side_cam,arrow_position_encode,arrow_direction_encode,angle_type_encode,parameter
0,314.0,314.0,68.0,42.0,42.0,314.0,count
1,78.48726114649682,92.31859872611464,56.411470588235304,2.0,1.3333333333333333,3.8471337579617835,mean
2,7.80809137224146,2.320465404073064,4.243262355432726,0.0,0.47711872361369784,0.6461051170724764,std
3,75.0,83.87,50.07,2.0,1.0,1.0,min
4,76.0,90.92000000000002,53.0125,2.0,1.0,4.0,25%
5,77.0,92.5,55.675,2.0,1.0,4.0,50%
6,77.0,94.19,59.019999999999996,2.0,2.0,4.0,75%
7,123.0,97.35,68.47,2.0,2.0,4.0,max
8,,,,,,1.0,pricission
9,,,,0.0,0.0,0.3465346534653465,recall
10,17.446854710059558,2.797946677576443,32.204746221759315,,,,rmse
11,304.3927392739274,7.828505610561057,1037.1456792079207,,,,mse
12,16.16749174917492,1.4793399339933995,31.16151815181518,,,,mape_
13,,,,0.0,0.0,0.3465346534653465,accuracy
