,rotate_angle,box_detect_confidence_top_cam,box_detect_confidence_side_cam,arrow_position_encode,arrow_direction_encode,angle_type_encode,parameter
0,479.0,479.0,466.0,25.0,25.0,11.0,count
1,31.129436325678498,81.17308977035492,79.63804721030043,2.0,1.52,3.4545454545454546,mean
2,9.038038507230183,4.5544954635031605,4.951475575215932,0.0,0.5099019513592785,1.0357254813546264,std
3,23.0,64.18,65.73,2.0,1.0,1.0,min
4,28.0,78.195,76.52250000000001,2.0,1.0,3.5,25%
5,31.0,81.39,80.195,2.0,2.0,4.0,50%
6,31.0,84.17500000000001,83.005,2.0,2.0,4.0,75%
7,135.0,96.16,90.76,2.0,2.0,4.0,max
8,,,,,,1.0,pricission
9,,,,,,0.016701461377870562,recall
10,16.550170451159158,19.36885830463562,,,,,rmse
11,273.9081419624217,375.1526720250522,,,,,mse
12,34.86893992113199,18.826910229645097,,,,,mape_
13,,,,,,0.016701461377870562,accuracy
