,rotate_angle,box_detect_confidence_top_cam,box_detect_confidence_side_cam,arrow_position_encode,arrow_direction_encode,angle_type_encode,parameter
0,410.0,419.0,400.0,304.0,304.0,410.0,count
1,76.82926829268293,93.57861575178998,96.79032500000001,2.0,1.569078947368421,3.9804878048780488,mean
2,3.5374520068064785,4.31665047056331,0.8191857589363417,0.0,0.4960216050643737,0.20887346246662838,std
3,48.0,56.9,92.46,2.0,1.0,1.0,min
4,75.0,93.125,96.36,2.0,1.0,4.0,25%
5,76.0,94.42,96.94,2.0,2.0,4.0,50%
6,78.0,95.30000000000001,97.36,2.0,2.0,4.0,75%
7,108.0,97.19,98.29,2.0,2.0,4.0,max
8,,,,,,1.0,pricission
9,,,,0.0,0.0,0.9901315789473685,recall
10,3.350176743177338,5.982861624982164,3.321322808365429,,,,rmse
11,11.223684210526315,35.794633223684215,11.031185197368421,,,,mse
12,2.648891966759003,5.767927631578948,3.2224013157894733,,,,mape_
13,,,,0.0,0.0,0.9901315789473685,accuracy
